<?xml version="1.0"?>
<!--
/**
 * Copyright © 2015 Mangoit. All rights reserved.
 */
-->
<config xmlns:xsi="http://www.w3.org/2001/XMLSchema-instance" xsi:noNamespaceSchemaLocation="urn:magento:framework:ObjectManager/etc/config.xsd">
    <virtualType name="Magento\Catalog\Ui\DataProvider\Product\Form\Modifier\Pool" type="Magento\Ui\DataProvider\Modifier\Pool">
        <arguments>
            <argument name="modifiers" xsi:type="array">
                <item name="stripe-billing-options" xsi:type="array">
                    <item name="class" xsi:type="string">Mangoit\Stripe\Ui\DataProvider\Product\Form\Modifier\BillingOptions</item>
                    <item name="sortOrder" xsi:type="number">30</item>
                </item>
            </argument>
        </arguments>
    </virtualType>

    <type name="Mangoit\Stripe\Ui\DataProvider\Product\Form\Modifier\BillingOptions">
        <arguments>
            <argument name="scopeName" xsi:type="string">product_form.product_form</argument>
        </arguments>
    </type>

</config>
