<?xml version="1.0"?>
<!--
/**
 * Copyright © 2016 Mangoit. All rights reserved.
 */
-->
<config xmlns:xsi="http://www.w3.org/2001/XMLSchema-instance" xsi:noNamespaceSchemaLocation="urn:magento:module:Magento_Config:etc/system_file.xsd">
    <system>
        <section id="payment">
            <group id="Mangoit_stripe" translate="label" type="text" sortOrder="110" showInDefault="1" showInWebsite="1" showInStore="1">
                <label>Stripe Embedded</label>
                <comment>Require setting</comment>
                <field id="active" translate="label" type="select" sortOrder="10" showInDefault="1" showInWebsite="1" showInStore="0">
                    <label>Enabled</label>
                    <source_model>Magento\Config\Model\Config\Source\Yesno</source_model>
                </field>
                <field id="title" translate="label" type="text" sortOrder="20" showInDefault="1" showInWebsite="1" showInStore="1">
                    <label>Title</label>
                    <comment>Payment method title displayed on Checkout page</comment>
                </field>
                <field id="test_secret" translate="label" type="obscure" sortOrder="40" showInDefault="1" showInWebsite="1" showInStore="0">
                    <label>Test Secret Key</label>
                    <backend_model>Magento\Config\Model\Config\Backend\Encrypted</backend_model>
                </field>
                <field id="test_publishable" translate="label" type="obscure" sortOrder="30" showInDefault="1" showInWebsite="1" showInStore="0">
                    <label>Test Publishable Key</label>
                    <backend_model>Magento\Config\Model\Config\Backend\Encrypted</backend_model>
                </field>
                <field id="live_secret" translate="label" type="obscure" sortOrder="60" showInDefault="1" showInWebsite="1" showInStore="0">
                    <label>Live Secret Key</label>
                    <backend_model>Magento\Config\Model\Config\Backend\Encrypted</backend_model>
                </field>
                <field id="live_publishable" translate="label" type="obscure" sortOrder="50" showInDefault="1" showInWebsite="1" showInStore="0">
                    <label>Live Publishable Key</label>
                    <backend_model>Magento\Config\Model\Config\Backend\Encrypted</backend_model>
                </field>
                <field id="payment_action" translate="label" type="select" sortOrder="70" showInDefault="1" showInWebsite="1" showInStore="0">
                    <label>Payment Action</label>
                    <source_model>Mangoit\Stripe\Model\Source\PaymentAction</source_model>
                    <comment>Authorize will expire in 7 days</comment>
                </field>
                <field id="order_status" translate="label" type="select" sortOrder="80" showInDefault="1" showInWebsite="1" showInStore="0">
                    <label>New Order Status</label>
                    <source_model>Magento\Sales\Model\Config\Source\Order\Status\Processing</source_model>
                </field>
                <field id="test" translate="label" type="select" sortOrder="65" showInDefault="1" showInWebsite="1" showInStore="0">
                    <label>Sandbox Mode Enabled</label>
                    <source_model>Magento\Config\Model\Config\Source\Yesno</source_model>
                </field>
                <field id="save" translate="label" type="select" sortOrder="95" showInDefault="1" showInWebsite="1" showInStore="0">
                    <label>Enable save card</label>
                    <source_model>Magento\Config\Model\Config\Source\Yesno</source_model>
                    <comment>Save customer cards on Stripe's servers</comment>
                </field>
                <field id="email_customer" translate="label" type="select" sortOrder="100" showInDefault="1" showInWebsite="1" showInStore="0">
                    <label>Email Customer</label>
                    <source_model>Magento\Config\Model\Config\Source\Yesno</source_model>
                    <comment>Allow Stripe send receipts for customer when payment success</comment>
                </field>
                <field id="cctypes" translate="label" type="multiselect" sortOrder="110" showInDefault="1" showInWebsite="1" showInStore="0">
                    <label>Credit Card Types</label>
                    <source_model>Mangoit\Stripe\Model\Source\Cctype</source_model>
                </field>

                <field id="useccv" translate="label" type="select" sortOrder="120" showInDefault="1" showInWebsite="1" showInStore="0">
                    <label>Credit Card Verification</label>
                    <source_model>Magento\Config\Model\Config\Source\Yesno</source_model>
                </field>
                <field id="allowspecific" translate="label" type="allowspecific" sortOrder="130" showInDefault="1" showInWebsite="1" showInStore="0">
                    <label>Payment from Applicable Countries</label>
                    <source_model>Magento\Payment\Model\Config\Source\Allspecificcountries</source_model>
                </field>
                <field id="specificcountry" translate="label" type="multiselect" sortOrder="140" showInDefault="1" showInWebsite="1" showInStore="0">
                    <label>Payment from Specific Countries</label>
                    <source_model>Magento\Directory\Model\Config\Source\Country</source_model>
                </field>
                <field id="debug" translate="label" type="select" sortOrder="150" showInDefault="1" showInWebsite="1" showInStore="0">
                    <label>Enable debug logging</label>
                    <source_model>Magento\Config\Model\Config\Source\Yesno</source_model>
                </field>
                <field id="threedsecure" translate="label" type="select" sortOrder="170" showInDefault="1" showInWebsite="1" showInStore="0">
                    <label>Enable 3d Secure</label>
                    <source_model>Mangoit\Stripe\Model\Source\ThreedSecureAction</source_model>
                    <comment>
                        <![CDATA[
                        <p>3D Secure:</p>
                        <ol>
                          <li><strong>Off</strong>: Disable checking for 3D Secure support</li>
                          <li><strong>Check when required</strong>: Only performs 3D Secure test when it is <u>required</u> by customer’s bank</li>
                          <li><strong>Optional 3D Secure</strong>: Performs 3D Secure test when it is <u>supported</u> by bank. If 3D Secure is not supported, the card will still be charged as usual</li>
                          <li><strong>Required 3D Secure</strong>: Always check for 3D Secure and stop the payment if it is not supported.</li>
                        </ol>
                        ]]>
                    </comment>
                </field>
                <field id="instructions" translate="label" type="textarea" sortOrder="190" showInDefault="1" showInWebsite="1" showInStore="1">
                    <label>Instructions</label>
                    <comment>Payment instructions for customer</comment>
                </field>

                <field id="sort_order" translate="label" type="text" sortOrder="200" showInDefault="1" showInWebsite="1" showInStore="1">
                    <label>Sort Order</label>
                    <frontend_class>validate-number</frontend_class>
                </field>

                <group id="additional_config" translate="label" type="text" sortOrder="1000" showInDefault="1" showInWebsite="1" showInStore="0">
                    <label>Additional Configurations</label>

                    <field id="create_order" translate="label" type="select" sortOrder="5" showInDefault="1" showInWebsite="1" showInStore="0">
                        <label>Create order as new billing cycle begins</label>
                        <source_model>Magento\Config\Model\Config\Source\Yesno</source_model>
                    </field>

                    <field id="cancel_period_end" translate="label" type="select" sortOrder="25" showInDefault="1" showInWebsite="1" showInStore="0">
                        <label>Cancel at period end</label>
                        <source_model>Magento\Config\Model\Config\Source\Yesno</source_model>
                        <comment>By enabling this, the subscription cancellation will be delayed till the end of the current period</comment>
                    </field>
                    <field id="enable_total_cycle" translate="label" type="select" sortOrder="30" showInDefault="1" showInWebsite="1" showInStore="0">
                        <label>Enable Total Billing Cycle</label>
                        <source_model>Magento\Config\Model\Config\Source\Yesno</source_model>
                        <comment>By enabling this, the customer can decide how many billing cycles that the subscription will go on</comment>
                    </field>
                    <field id="max_total_cycle" translate="label" type="text" sortOrder="40" showInDefault="1" showInWebsite="1" showInStore="0">
                        <label>Maximum Total Billing Cycle</label>
                        <comment>customer can not set the total billing cycle larger than this figure</comment>
                        <depends>
                            <field id="enable_total_cycle">1</field>
                        </depends>
                    </field>
                </group>
            </group>

            <group id="Mangoit_stripe_iframe" translate="label" sortOrder="111" type="text" showInDefault="1" showInWebsite="1">
                <label>Stripe Checkout Form</label>
                <comment>Another stripe payment method</comment>
                <field id="active" translate="label" sortOrder="10" type="select" showInDefault="1" showInWebsite="1" showInStore="0">
                    <label>Enable Stripe Checkout Form</label>
                    <source_model>Magento\Config\Model\Config\Source\Yesno</source_model>
                </field>
                <field id="title" translate="label" sortOrder="20" type="text" showInDefault="1" showInWebsite="1" showInStore="1">
                    <label>Title</label>
                </field>
                <field id="payment_action" translate="label" type="select" sortOrder="21" showInDefault="1" showInWebsite="1" showInStore="0">
                    <label>Payment Action</label>
                    <source_model>Mangoit\Stripe\Model\Source\PaymentAction</source_model>
                    <comment>Authorize will expire in 7 days</comment>
                </field>
                <field id="order_status" translate="label" type="select" sortOrder="22" showInDefault="1" showInWebsite="1" showInStore="0">
                    <label>New Order Status</label>
                    <source_model>Magento\Sales\Model\Config\Source\Order\Status\Processing</source_model>
                </field>
                <field id="display_name" translate="label" sortOrder="25" type="text" showInDefault="1" showInWebsite="1" showInStore="1">
                    <label>Name of website displayed on Checkout</label>
                </field>
                <field id="allow_bitcoin" translate="label" sortOrder="30" type="select" showInDefault="1" showInWebsite="1" showInStore="0">
                    <label>Accept Bitcoin Payment</label>
                    <source_model>Magento\Config\Model\Config\Source\Yesno</source_model>
                </field>
                <!--<field id="allow_alipay" translate="label" sortOrder="35" type="select" showInDefault="1" showInWebsite="1" showInStore="1">-->
                    <!--<label>Accept Alipay Payment</label>-->
                    <!--<source_model>Magento\Config\Model\Config\Source\Yesno</source_model>-->
                <!--</field>-->
                <field id="collect_billing" translate="label" sortOrder="36" type="select" showInDefault="1" showInWebsite="1" showInStore="0">
                    <label>Allow Stripe Checkout to collect customer's billing address</label>
                    <source_model>Magento\Config\Model\Config\Source\Yesno</source_model>
                </field>
                <field id="collect_zip" translate="label" sortOrder="40" type="select" showInDefault="1" showInWebsite="1" showInStore="0">
                    <label>Allow Stripe Checkout to collect customer's zip code</label>
                    <source_model>Magento\Config\Model\Config\Source\Yesno</source_model>
                </field>
                <field id="allow_remember" translate="label" sortOrder="45" type="select" showInDefault="1" showInWebsite="1" showInStore="0">
                    <label>Include option for "Remember Me" for future purchase</label>
                    <source_model>Magento\Config\Model\Config\Source\Yesno</source_model>
                </field>
                <field id="upload_image_id" translate="label comment" type="image" sortOrder="50" showInDefault="1" showInWebsite="1" showInStore="1">
                    <label>Select Image</label>
                    <backend_model>Mangoit\Stripe\Model\Source\Image</backend_model>
                    <base_url type="media" scope_info="1">stripe</base_url>
                </field>
                <field id="sort_order" translate="label" type="text" sortOrder="100" showInDefault="1" showInWebsite="1" showInStore="1">
                    <label>Sort Order</label>
                    <frontend_class>validate-number</frontend_class>
                </field>
            </group>
        </section>
    </system>
</config>