<?xml version="1.0"?>
<!--
/**
 * Copyright © 2015 Mangoit. All rights reserved.
 */
-->
<config xmlns:xsi="http://www.w3.org/2001/XMLSchema-instance" xsi:noNamespaceSchemaLocation="urn:magento:framework:ObjectManager/etc/config.xsd">
    <type name="Magento\Quote\Model\Quote">
        <plugin name="stripe_check_nominal" type="\Mangoit\Stripe\Model\Plugin\Nominal" sortOrder="10" disabled="false" />
    </type>

    <!--<type name="Magento\ConfigurableProduct\Model\Product\Type\Configurable">-->
        <!--<plugin name="stripe_configurable_product_assign_option" type="\Mangoit\Stripe\Model\Plugin\ConfigurableProduct" sortOrder="15" disabled="false"/>-->
    <!--</type>-->

    <virtualType name="SubscriptionGridFilterPool" type="Magento\Framework\View\Element\UiComponent\DataProvider\FilterPool">
        <arguments>
            <argument name="appliers" xsi:type="array">
                <item name="regular" xsi:type="object">Magento\Framework\View\Element\UiComponent\DataProvider\RegularFilter</item>
                <item name="fulltext" xsi:type="object">Magento\Framework\View\Element\UiComponent\DataProvider\FulltextFilter</item>
            </argument>
        </arguments>
    </virtualType>
    <virtualType name="PostGridDataProvider" type="Magento\Framework\View\Element\UiComponent\DataProvider\DataProvider">
        <arguments>
            <argument name="collection" xsi:type="object" shared="false">Mangoit\Stripe\Model\Resource\Subscription\Collection</argument>
            <argument name="filterPool" xsi:type="object" shared="false">SubscriptionGridFilterPool</argument>
        </arguments>
    </virtualType>
    <virtualType name="Mangoit\Stripe\Model\ResourceModel\Subscription\Grid\Collection" type="Magento\Framework\View\Element\UiComponent\DataProvider\SearchResult">
        <arguments>
            <argument name="mainTable" xsi:type="string">Mangoit_stripe_subscription</argument>
            <argument name="resourceModel" xsi:type="string">Mangoit\Stripe\Model\ResourceModel\Subscription</argument>
        </arguments>
    </virtualType>
    <type name="Magento\Framework\View\Element\UiComponent\DataProvider\CollectionFactory">
        <arguments>
            <argument name="collections" xsi:type="array">
                <item name="stripe_subscription_listing_data_source" xsi:type="string">Mangoit\Stripe\Model\ResourceModel\Subscription\Grid\Collection</item>
            </argument>
        </arguments>
    </type>
    <type name="Mangoit\Stripe\Helper\Handler">
        <arguments>
            <argument name="filesystem" xsi:type="object">Magento\Framework\Filesystem\Driver\File</argument>
        </arguments>
    </type>

    <type name="Mangoit\Stripe\Helper\Logger">
        <arguments>
            <argument name="name" xsi:type="string">StripeLogger</argument>
            <argument name="handlers" xsi:type="array">
                <item name="system" xsi:type="object">Mangoit\Stripe\Helper\Handler</item>
            </argument>
        </arguments>
    </type>
</config>