<?xml version="1.0"?>
<!--
/**
 * Copyright © 2016 Mangoit. All rights reserved.
 * See COPYING.txt for license details.
 */
-->
<payment xmlns:xsi="http://www.w3.org/2001/XMLSchema-instance" xsi:noNamespaceSchemaLocation="../../../Magento/Payment/etc/payment.xsd">
    <methods>
        <method name="Mangoit_stripe">
            <allow_multiple_address>1</allow_multiple_address>
        </method>

        <method name="Mangoit_stripe_iframe">
            <allow_multiple_address>1</allow_multiple_address>
        </method>
    </methods>
</payment>
